timestamp, accelerationX, accelerationY, accelerationZ, UUID 
1519919564137,0.2968810200691223,3.936067581176758,9.279925346374512,,eaf44f6428162a27
1519919564432,0.3926490843296051,4.156333923339844,8.628703117370605,,eaf44f6428162a27
1519919564567,0.2298433631658554,4.213795185089111,8.647856712341309,,eaf44f6428162a27
1519919564693,-0.28730419278144836,4.098873138427734,9.442731857299805,,eaf44f6428162a27
1519919564753,0.689530074596405,4.807557106018066,9.710882186889648,,eaf44f6428162a27
1519919564797,0.31603461503982544,4.434061527252197,9.059659004211426,,eaf44f6428162a27
1519919564869,0.13407529890537262,4.347870349884033,9.232041358947754,,eaf44f6428162a27
1519919564918,0.24899697303771973,3.265691041946411,11.473014831542969,,eaf44f6428162a27
1519919564956,-1.9728221893310547,2.7676970958709717,11.1474027633667,,eaf44f6428162a27
1519919565017,-1.6663644313812256,2.403778553009033,7.939172744750977,,eaf44f6428162a27
1519919565045,-1.0821791887283325,2.2026655673980713,8.53293514251709,,eaf44f6428162a27
1519919565103,-1.1013327836990356,2.7964274883270264,9.691728591918945,,eaf44f6428162a27
1519919565132,-1.4269442558288574,3.485957622528076,8.887276649475098,,eaf44f6428162a27
1519919565211,-0.9481038451194763,3.936067581176758,6.847416877746582,,eaf44f6428162a27
1519919565263,-0.9864110946655273,3.160346269607544,7.527369976043701,,eaf44f6428162a27
1519919565308,-1.3215993642807007,3.648763418197632,6.358999729156494,,eaf44f6428162a27
1519919565337,-1.6376339197158813,3.9839515686035156,6.27280855178833,,eaf44f6428162a27
1519919565396,-1.9919757843017578,4.501099109649658,8.006210327148438,,eaf44f6428162a27
1519919565425,-1.7046716213226318,5.104437828063965,7.546523571014404,,eaf44f6428162a27
1519919565474,-1.0534487962722778,5.39174222946167,8.130708694458008,,eaf44f6428162a27
1519919565562,-1.0055646896362305,5.631162166595459,7.067683219909668,,eaf44f6428162a27
1519919565622,-3.064578056335449,1.8291701078414917,13.579912185668945,,eaf44f6428162a27
1519919565679,-1.7334020137786865,2.2026655673980713,10.486603736877441,,eaf44f6428162a27
1519919565728,-2.0398597717285156,2.2601263523101807,9.08838939666748,,eaf44f6428162a27
1519919565779,-4.338293552398682,2.5091233253479004,8.188169479370117,,eaf44f6428162a27
1519919565816,-5.544970989227295,2.7676970958709717,10.821791648864746,,eaf44f6428162a27
1519919565855,-3.1890766620635986,2.6144683361053467,8.494627952575684,,eaf44f6428162a27
1519919565895,-2.3271639347076416,2.7293899059295654,7.939172744750977,,eaf44f6428162a27
1519919565924,-3.0837318897247314,3.8594532012939453,6.847416877746582,,eaf44f6428162a27
1519919565962,-2.4229321479797363,3.19865345954895,6.234501361846924,,eaf44f6428162a27
1519919566011,-2.030282974243164,3.3901896476745605,7.3454108238220215,,eaf44f6428162a27
1519919566050,-2.279279947280884,3.1220390796661377,8.523358345031738,,eaf44f6428162a27
1519919566099,-4.434061527252197,4.999093055725098,7.603984832763672,,eaf44f6428162a27
1519919566128,-2.7964274883270264,4.252102375030518,7.910442352294922,,eaf44f6428162a27
1519919566160,-2.451662540435791,4.185064792633057,8.226476669311523,,eaf44f6428162a27
1519919566187,-4.434061527252197,3.6296098232269287,9.998186111450195,,eaf44f6428162a27
1519919566217,-4.692635536193848,2.2601263523101807,14.633360862731934,,eaf44f6428162a27
1519919566236,-2.892195701599121,2.279279947280884,11.338939666748047,,eaf44f6428162a27
1519919566294,-4.060565948486328,0.15322890877723694,7.326257228851318,,eaf44f6428162a27
1519919566323,-0.028730420395731926,-3.485957622528076,6.4834980964660645,,eaf44f6428162a27
1519919566372,-1.2832920551300049,-7.613561630249023,2.9688100814819336,,eaf44f6428162a27
1519919566412,-7.201758861541748,-7.067683219909668,1.1013327836990356,,eaf44f6428162a27
1519919566451,-10.15141487121582,-1.4748282432556152,-0.3926490843296051,,eaf44f6428162a27
1519919566549,-15.217546463012695,-5.3342814445495605,-4.242525577545166,,eaf44f6428162a27
1519919566609,-11.08994197845459,-7.833827972412109,0.22026655077934265,,eaf44f6428162a27
1519919566647,-8.571242332458496,-8.063671112060547,0.6703764796257019,,eaf44f6428162a27
1519919566714,-24.478317260742188,-6.215347766876221,-1.7812861204147339,,eaf44f6428162a27
1519919566728,-19.096153259277344,-9.423578262329102,1.1013327836990356,,eaf44f6428162a27
1519919566803,-3.9264907836914062,-7.096413612365723,7.450755596160889,,eaf44f6428162a27
1519919566831,-5.056553840637207,-7.0772600173950195,6.540958881378174,,eaf44f6428162a27
1519919566912,-4.807557106018066,-5.592854976654053,-0.4405331015586853,,eaf44f6428162a27
1519919566939,-0.35434186458587646,-5.592854976654053,-0.9289502501487732,,eaf44f6428162a27
1519919566979,-1.6184803247451782,-5.094861030578613,1.4748282432556152,,eaf44f6428162a27
1519919567066,-2.279279947280884,-3.045424461364746,-3.265691041946411,,eaf44f6428162a27
1519919567175,-7.326257228851318,-15.322891235351562,1.4269442558288574,,eaf44f6428162a27
1519919567242,-5.592854976654053,-12.60307788848877,3.44765043258667,,eaf44f6428162a27
1519919567281,-4.548983097076416,-11.54005241394043,2.5665841102600098,,eaf44f6428162a27
1519919567349,-1.723825216293335,-16.519990921020508,3.8786067962646484,,eaf44f6428162a27
1519919567408,-1.7812861204147339,-12.832921028137207,2.5953147411346436,,eaf44f6428162a27
1519919567456,-1.2066776752471924,-6.780379295349121,1.7142484188079834,,eaf44f6428162a27
1519919567495,-0.9002198576927185,-3.5721490383148193,1.7812861204147339,,eaf44f6428162a27
1519919567525,-2.078166961669922,-4.079719543457031,2.7676970958709717,,eaf44f6428162a27
1519919567574,-2.4420857429504395,-2.892195701599121,-2.212242364883423,,eaf44f6428162a27
1519919567613,-3.064578056335449,-7.680599212646484,2.82515811920166,,eaf44f6428162a27
1519919567652,-2.0398597717285156,-3.514688014984131,-12.78503704071045,,eaf44f6428162a27
1519919567691,-12.382811546325684,-6.933608055114746,7.709329605102539,,eaf44f6428162a27
1519919567730,-14.068328857421875,-5.008669853210449,1.3503297567367554,,eaf44f6428162a27
1519919567769,0.6703764796257019,-7.7763671875,6.646304130554199,,eaf44f6428162a27
1519919567808,1.091755986213684,-9.730035781860352,7.048529624938965,,eaf44f6428162a27
1519919567847,-7.441178798675537,-10.41956615447998,6.943184852600098,,eaf44f6428162a27
1519919567907,-3.19865345954895,-8.02536392211914,5.784391403198242,,eaf44f6428162a27
1519919567955,-1.2066776752471924,-5.152322292327881,5.51624059677124,,eaf44f6428162a27
1519919567993,-0.5937620401382446,-4.529829502105713,5.679046630859375,,eaf44f6428162a27
1519919568043,-0.507570743560791,-2.5474305152893066,0.24899697303771973,,eaf44f6428162a27
1519919568081,-5.439626216888428,-3.8594532012939453,2.212242364883423,,eaf44f6428162a27
1519919568101,-6.100425720214844,-4.874594688415527,1.8483237028121948,,eaf44f6428162a27
1519919568120,-6.521805286407471,-5.305551052093506,0,,eaf44f6428162a27
1519919568179,-7.441178798675537,-10.467450141906738,5.123591423034668,,eaf44f6428162a27
1519919568209,-4.4723687171936035,-11.645397186279297,2.183511972427368,,eaf44f6428162a27
1519919568248,-8.14028549194336,-8.96389102935791,1.580173134803772,,eaf44f6428162a27
1519919568296,-4.338293552398682,-9.59596061706543,2.1164743900299072,,eaf44f6428162a27
1519919568316,-4.146757125854492,-9.892841339111328,4.501099109649658,,eaf44f6428162a27
1519919568336,-4.050989151000977,-12.239158630371094,10.773907661437988,,eaf44f6428162a27
1519919568365,-7.785943984985352,-14.068328857421875,8.935160636901855,,eaf44f6428162a27
1519919568395,-6.205770969390869,-14.911087989807129,-0.10534487664699554,,eaf44f6428162a27
1519919568423,-2.4803929328918457,-11.128249168395996,1.2066776752471924,,eaf44f6428162a27
1519919568477,-2.873042106628418,-6.646304130554199,0.4884171485900879,,eaf44f6428162a27
1519919568580,-3.19865345954895,-2.8826189041137695,-1.800439715385437,,eaf44f6428162a27
1519919568648,-2.3750481605529785,-7.929595947265625,-0.5841852426528931,,eaf44f6428162a27
1519919568738,-9.08838939666748,-10.27591323852539,-11.836933135986328,,eaf44f6428162a27
1519919568876,0.26815059781074524,-13.464990615844727,0.5746083855628967,,eaf44f6428162a27
1519919568962,-3.2561142444610596,-5.420472621917725,0.26815059781074524,,eaf44f6428162a27
1519919569042,0.6799532771110535,-3.754108190536499,1.800439715385437,,eaf44f6428162a27
1519919569110,-5.861005783081055,-8.427590370178223,0.5937620401382446,,eaf44f6428162a27
1519919569157,-5.094861030578613,-10.505757331848145,0.507570743560791,,eaf44f6428162a27
1519919569215,-3.466804027557373,-12.612654685974121,-0.8236053586006165,,eaf44f6428162a27
1519919569263,-7.728483200073242,-11.91354751586914,1.8579005002975464,,eaf44f6428162a27
1519919569312,-3.2369606494903564,-13.541604995727539,4.031835556030273,,eaf44f6428162a27
1519919569342,-2.1164743900299072,-12.382811546325684,3.5051112174987793,,eaf44f6428162a27
1519919569380,-3.5625722408294678,-13.177685737609863,2.5282769203186035,,eaf44f6428162a27
1519919569449,-4.031835556030273,-9.854534149169922,-5.803544998168945,,eaf44f6428162a27
1519919569507,-1.522712230682373,-5.228936672210693,0.09576806426048279,,eaf44f6428162a27
1519919569546,-1.580173134803772,-3.313575267791748,-0.28730419278144836,,eaf44f6428162a27
1519919569585,-1.5514427423477173,0.5554547905921936,0.3064578175544739,,eaf44f6428162a27
1519919569624,-1.0438719987869263,-0.19153612852096558,0.05746084079146385,,eaf44f6428162a27
1519919569673,-1.9345149993896484,-6.502651691436768,-2.7772738933563232,,eaf44f6428162a27
1519919569712,-11.310209274291992,-18.71308135986328,-13.330915451049805,,eaf44f6428162a27
1519919569811,-3.4955344200134277,-14.777012825012207,-4.4532151222229,,eaf44f6428162a27
1519919569879,-2.126051187515259,-10.256759643554688,7.575253963470459,,eaf44f6428162a27
1519919569996,1.599326729774475,-4.156333923339844,-1.1013327836990356,,eaf44f6428162a27
1519919570074,-0.2585737705230713,-6.224924564361572,-0.7182605266571045,,eaf44f6428162a27
1519919570142,-5.803544998168945,-10.113107681274414,0.038307227194309235,,eaf44f6428162a27
1519919570211,-3.4572272300720215,-9.423578262329102,0.5171475410461426,,eaf44f6428162a27
1519919570349,-7.297526836395264,-7.163451671600342,8.465897560119629,,eaf44f6428162a27
1519919570436,-0.8810662031173706,-24.06651496887207,-4.175487995147705,,eaf44f6428162a27
1519919570504,-1.1683704853057861,-8.628703117370605,0.871489405632019,,eaf44f6428162a27
1519919570601,3.3231520652770996,-4.108449935913086,0.6320692300796509,,eaf44f6428162a27
1519919570674,0.038307227194309235,-6.521805286407471,-10.591948509216309,,eaf44f6428162a27
1519919570826,6.3973069190979,-25.790340423583984,0.047884032130241394,,eaf44f6428162a27
1519919570885,-1.8962076902389526,-6.081272125244141,6.033388137817383,,eaf44f6428162a27
1519919571099,1.9919757843017578,-10.20887565612793,0.49799394607543945,,eaf44f6428162a27
1519919571219,-4.807557106018066,-12.411541938781738,-1.944091796875,,eaf44f6428162a27
1519919571380,2.786850690841675,-21.01151466369629,1.5131354331970215,,eaf44f6428162a27
1519919571441,3.7924153804779053,-11.645397186279297,0.9864110946655273,,eaf44f6428162a27
1519919571715,4.730942726135254,-14.633360862731934,-14.374787330627441,,eaf44f6428162a27
1519919571856,2.1164743900299072,-6.090848922729492,4.376600742340088,,eaf44f6428162a27
1519919572058,1.37906014919281,-7.939172744750977,1.647210717201233,,eaf44f6428162a27
1519919572183,-2.9305028915405273,-12.526463508605957,-2.4899697303771973,,eaf44f6428162a27
1519919572252,-1.455674648284912,-15.198391914367676,-1.8483237028121948,,eaf44f6428162a27
1519919572300,4.797980308532715,-12.191274642944336,3.1507694721221924,,eaf44f6428162a27
1519919572369,5.305551052093506,-17.55428695678711,1.0821791887283325,,eaf44f6428162a27
1519919572468,-0.9768342971801758,-6.761225700378418,2.5091233253479004,,eaf44f6428162a27
1519919572516,1.1204863786697388,1.015141487121582,1.9057846069335938,,eaf44f6428162a27
1519919572662,7.297526836395264,-32.00568771362305,-19.661184310913086,,eaf44f6428162a27
1519919572749,4.309563159942627,-17.583017349243164,1.5131354331970215,,eaf44f6428162a27
1519919572809,8.65743350982666,0.038307227194309235,-3.160346269607544,,eaf44f6428162a27
1519919572867,-4.855441093444824,-15.198391914367676,4.098873138427734,,eaf44f6428162a27
1519919572926,-0.26815059781074524,-6.655880928039551,0.4213795065879822,,eaf44f6428162a27
1519919573004,0.6320692300796509,-6.502651691436768,0.4213795065879822,,eaf44f6428162a27
1519919573170,-4.4532151222229,-12.756306648254395,-0.6512228846549988,,eaf44f6428162a27
1519919573288,0.7086837291717529,-12.775460243225098,6.004657745361328,,eaf44f6428162a27
1519919573384,8.877699851989746,-14.144943237304688,-0.13407529890537262,,eaf44f6428162a27
1519919573520,0.028730420395731926,2.3558945655822754,1.015141487121582,,eaf44f6428162a27
1519919573629,7.182605266571045,-24.468740463256836,-20.3698673248291,,eaf44f6428162a27
1519919573678,2.518700122833252,-8.236053466796875,-7.469909191131592,,eaf44f6428162a27
1519919573736,2.7293899059295654,-16.864757537841797,-0.1149216815829277,,eaf44f6428162a27
1519919573785,9.586383819580078,-5.679046630859375,4.95120906829834,,eaf44f6428162a27
1519919573824,3.7253777980804443,-9.27034854888916,2.1547815799713135,,eaf44f6428162a27
1519919573912,-0.6991068720817566,-6.45476770401001,-1.6089035272598267,,eaf44f6428162a27
1519919574078,4.711789131164551,-10.496180534362793,-2.7102363109588623,,eaf44f6428162a27
1519919574175,-3.19865345954895,-14.872780799865723,-3.773261785507202,,eaf44f6428162a27
1519919574243,-2.2409727573394775,-12.210428237915039,-3.620033025741577,,eaf44f6428162a27
1519919574332,5.286397457122803,-20.915746688842773,1.1779472827911377,,eaf44f6428162a27
1519919574383,8.245630264282227,-11.128249168395996,-0.40222588181495667,,eaf44f6428162a27
1519919574439,-0.3256114423274994,-8.9064302444458,2.346317768096924,,eaf44f6428162a27
1519919574585,-2.078166961669922,-9.27034854888916,-12.430695533752441,,eaf44f6428162a27
1519919574654,0.38307225704193115,-8.245630264282227,-7.623138427734375,,eaf44f6428162a27
1519919574722,3.1028854846954346,-3.1890766620635986,5.1810526847839355,,eaf44f6428162a27
1519919574800,0.13407529890537262,-0.8331822156906128,3.907337188720703,,eaf44f6428162a27
1519919574883,-1.5514427423477173,-10.917559623718262,-0.4118026793003082,,eaf44f6428162a27
1519919574976,2.1356279850006104,-7.479485988616943,-4.721365928649902,,eaf44f6428162a27
1519919575044,1.9057846069335938,-4.405331134796143,0.2777273952960968,,eaf44f6428162a27
1519919575123,-0.2585737705230713,-9.289502143859863,-1.867477297782898,,eaf44f6428162a27
1519919575181,-1.742978811264038,-14.97812557220459,-0.727837324142456,,eaf44f6428162a27
1519919575230,1.216254472732544,-12.344504356384277,-4.836287498474121,,eaf44f6428162a27
1519919575289,1.599326729774475,-10.266336441040039,-3.533841609954834,,eaf44f6428162a27
1519919575367,3.5051112174987793,-16.4625301361084,0.8427590131759644,,eaf44f6428162a27
1519919575518,-0.33518823981285095,-2.403778553009033,1.2641384601593018,,eaf44f6428162a27
1519919575797,3.294421434402466,-25.15827178955078,1.235408067703247,,eaf44f6428162a27
1519919575963,-1.5418659448623657,-11.243170738220215,-0.40222588181495667,,eaf44f6428162a27
1519919576118,1.8195933103561401,-7.766790390014648,-3.88818359375,,eaf44f6428162a27
1519919576167,0.019153613597154617,-12.97657299041748,-0.5554547905921936,,eaf44f6428162a27
1519919576206,-2.38462495803833,-13.656526565551758,-0.6512228846549988,,eaf44f6428162a27
1519919576245,1.091755986213684,-13.55118179321289,-2.6623523235321045,,eaf44f6428162a27
1519919576295,-1.7142484188079834,-12.60307788848877,-2.298433542251587,,eaf44f6428162a27
1519919576333,2.3367409706115723,-13.79060173034668,6.14831018447876,,eaf44f6428162a27
1519919576362,2.7772738933563232,-18.272546768188477,2.2601263523101807,,eaf44f6428162a27
1519919576392,4.520252704620361,-17.966089248657227,1.9728221893310547,,eaf44f6428162a27
1519919576412,5.717353820800781,-16.079458236694336,0.2968810200691223,,eaf44f6428162a27
1519919576446,2.9496564865112305,-9.892841339111328,-0.4884171485900879,,eaf44f6428162a27
1519919576489,-0.7182605266571045,-7.546523571014404,2.030282974243164,,eaf44f6428162a27
1519919576519,0.9672574996948242,-3.2082302570343018,2.078166961669922,,eaf44f6428162a27
1519919576538,2.3080103397369385,-0.43095630407333374,1.8291701078414917,,eaf44f6428162a27
1519919576568,2.853888511657715,1.359906554222107,1.3407529592514038,,eaf44f6428162a27
1519919576598,1.2832920551300049,-0.9097966551780701,-0.22026655077934265,,eaf44f6428162a27
1519919576646,1.1300631761550903,-9.509769439697266,-6.847416877746582,,eaf44f6428162a27
1519919576665,5.870582580566406,-18.71308135986328,-15.993267059326172,,eaf44f6428162a27
1519919576694,4.194641590118408,-21.365856170654297,-14.719552040100098,,eaf44f6428162a27
1519919576714,0.20111294090747833,-10.371682167053223,-8.743624687194824,,eaf44f6428162a27
1519919576734,-4.817133903503418,-2.3750481605529785,-6.71334171295166,,eaf44f6428162a27
1519919576764,0.1149216815829277,-5.937620162963867,0.33518823981285095,,eaf44f6428162a27
1519919576782,2.9017724990844727,-16.82645034790039,6.665457725524902,,eaf44f6428162a27
1519919576821,12.057199478149414,-14.958971977233887,0.1628057211637497,,eaf44f6428162a27
1519919576841,9.222464561462402,-2.470816135406494,-3.7445313930511475,,eaf44f6428162a27
1519919576870,1.9536685943603516,-7.766790390014648,5.899312973022461,,eaf44f6428162a27
1519919576900,-3.045424461364746,-11.836933135986328,5.458779811859131,,eaf44f6428162a27
1519919576939,-1.7908629179000854,-11.741165161132812,-0.019153613597154617,,eaf44f6428162a27
1519919576968,-0.3064578175544739,-6.550535678863525,-1.0630255937576294,,eaf44f6428162a27
1519919577007,1.6280571222305298,-7.364564418792725,-1.216254472732544,,eaf44f6428162a27
1519919577046,-0.3256114423274994,-6.904877662658691,0.4118026793003082,,eaf44f6428162a27
1519919577066,2.5091233253479004,-6.445190906524658,1.359906554222107,,eaf44f6428162a27
1519919577086,4.903325080871582,-7.268796443939209,-0.9481038451194763,,eaf44f6428162a27
1519919577124,1.742978811264038,-9.653421401977539,-3.064578056335449,,eaf44f6428162a27
1519919577163,0.009576806798577309,-12.29662036895752,-0.5267243981361389,,eaf44f6428162a27
1519919577203,-1.2258312702178955,-14.48970890045166,-0.14365209639072418,,eaf44f6428162a27
1519919577241,3.5913026332855225,-14.154520034790039,-0.7469909191131592,,eaf44f6428162a27
1519919577251,4.424484729766846,-13.493721008300781,-2.8443117141723633,,eaf44f6428162a27
1519919577281,0.5650315880775452,-14.135366439819336,-3.0166940689086914,,eaf44f6428162a27
1519919577319,-2.0685901641845703,-10.333374977111816,-3.265691041946411,,eaf44f6428162a27
1519919577349,1.867477297782898,-14.355633735656738,5.880159378051758,,eaf44f6428162a27
1519919577388,2.365471363067627,-15.552734375,2.250549554824829,,eaf44f6428162a27
1519919577420,4.5394062995910645,-16.22311019897461,0.24899697303771973,,eaf44f6428162a27
1519919577446,3.5051112174987793,-11.980585098266602,0.6703764796257019,,eaf44f6428162a27
1519919577515,0.35434186458587646,-4.903325080871582,2.4133553504943848,,eaf44f6428162a27
1519919577544,1.9728221893310547,-0.6129156351089478,2.212242364883423,,eaf44f6428162a27
1519919577554,2.3367409706115723,0.7852981686592102,1.723825216293335,,eaf44f6428162a27
1519919577583,2.920926094055176,2.0015525817871094,0.24899697303771973,,eaf44f6428162a27
1519919577622,1.2832920551300049,-0.3447650372982025,-1.4173674583435059,,eaf44f6428162a27
1519919577642,0.8044517636299133,-4.424484729766846,-2.31758713722229,,eaf44f6428162a27
1519919577661,0.20111294090747833,-11.013327598571777,-6.856993675231934,,eaf44f6428162a27
1519919577691,6.493074893951416,-22.505495071411133,-19.239805221557617,,eaf44f6428162a27
1519919577720,0.07661445438861847,-14.987702369689941,-11.061211585998535,,eaf44f6428162a27
1519919577739,-4.568136692047119,-5.544970989227295,-5.966350555419922,,eaf44f6428162a27
1519919577769,-4.2329487800598145,-1.4077905416488647,-0.7469909191131592,,eaf44f6428162a27
1519919577808,7.603984832763672,-21.26051139831543,3.064578056335449,,eaf44f6428162a27
1519919577839,8.676587104797363,-8.159439086914062,3.1890766620635986,,eaf44f6428162a27
1519919577857,9.797073364257812,0.2106897532939911,-3.0550012588500977,,eaf44f6428162a27
1519919577886,4.577713489532471,-7.709329605102539,4.405331134796143,,eaf44f6428162a27
1519919577925,-5.851428985595703,-16.127342224121094,-1.0438719987869263,,eaf44f6428162a27
1519919577954,-3.6104562282562256,-12.392388343811035,-1.5418659448623657,,eaf44f6428162a27
1519919577993,0.9864110946655273,-5.4013190269470215,-2.164358377456665,,eaf44f6428162a27
1519919578014,3.840299606323242,-5.305551052093506,-2.892195701599121,,eaf44f6428162a27
1519919578072,1.4077905416488647,-6.962338447570801,1.6855180263519287,,eaf44f6428162a27
1519919578101,3.1028854846954346,-9.998186111450195,-0.545877993106842,,eaf44f6428162a27
1519919578140,0.8523358106613159,-9.193734169006348,-2.9017724990844727,,eaf44f6428162a27
1519919578159,-2.8634653091430664,-12.622231483459473,-0.028730420395731926,,eaf44f6428162a27
1519919578189,-2.557007312774658,-14.48970890045166,-0.8619126081466675,,eaf44f6428162a27
1519919578218,1.3886369466781616,-14.154520034790039,-0.9097966551780701,,eaf44f6428162a27
1519919578237,3.141192674636841,-13.694833755493164,-2.7772738933563232,,eaf44f6428162a27
1519919578257,0.9672574996948242,-13.532028198242188,-3.8977603912353516,,eaf44f6428162a27
1519919578286,0.4884171485900879,-13.263877868652344,-5.679046630859375,,eaf44f6428162a27
1519919578316,1.0630255937576294,-12.890381813049316,5.640739440917969,,eaf44f6428162a27
1519919578346,2.7293899059295654,-18.282123565673828,2.940079689025879,,eaf44f6428162a27
1519919578366,4.175487995147705,-18.588581085205078,1.5322890281677246,,eaf44f6428162a27
1519919578403,7.757213592529297,-17.056293487548828,-0.6033388376235962,,eaf44f6428162a27
1519919578442,0.15322890877723694,-10.668562889099121,-0.5841852426528931,,eaf44f6428162a27
1519919578462,-0.871489405632019,-9.615114212036133,0.019153613597154617,,eaf44f6428162a27
1519919578482,-0.45010992884635925,-7.469909191131592,1.7525556087493896,,eaf44f6428162a27
1519919578521,1.7812861204147339,-0.43095630407333374,2.145204782485962,,eaf44f6428162a27
1519919578542,2.853888511657715,2.298433542251587,2.0398597717285156,,eaf44f6428162a27
1519919578560,2.9879636764526367,3.160346269607544,1.8579005002975464,,eaf44f6428162a27
1519919578589,0.20111294090747833,1.3694833517074585,-0.6320692300796509,,eaf44f6428162a27
1519919578618,-1.158793568611145,-3.380612850189209,-3.1316158771514893,,eaf44f6428162a27
1519919578648,-0.10534487664699554,-12.536040306091309,-11.60708999633789,,eaf44f6428162a27
1519919578657,4.041412353515625,-16.615758895874023,-15.964536666870117,,eaf44f6428162a27
1519919578706,0.45010992884635925,-9.90241813659668,-10.515334129333496,,eaf44f6428162a27
1519919578736,-6.100425720214844,-7.058106422424316,-8.667010307312012,,eaf44f6428162a27
1519919578784,3.773261785507202,-12.938265800476074,-0.2106897532939911,,eaf44f6428162a27
1519919578823,9.768342971801758,-1.5322890281677246,-5.238513469696045,,eaf44f6428162a27
1519919578843,9.337387084960938,-8.753201484680176,-2.4229321479797363,,eaf44f6428162a27
1519919578901,-2.853888511657715,-9.787496566772461,-0.7757213711738586,,eaf44f6428162a27
1519919578921,-1.2449848651885986,-7.536946773529053,-1.723825216293335,,eaf44f6428162a27
1519919578970,1.7525556087493896,-6.646304130554199,-1.5897499322891235,,eaf44f6428162a27
1519919579019,-0.15322890877723694,-8.523358345031738,-1.0055646896362305,,eaf44f6428162a27
1519919579048,0.545877993106842,-7.096413612365723,1.7142484188079834,,eaf44f6428162a27
1519919579087,4.223371982574463,-8.983044624328613,-0.7757213711738586,,eaf44f6428162a27
1519919579116,4.299986362457275,-7.948749542236328,-5.066130638122559,,eaf44f6428162a27
1519919579137,0.871489405632019,-10.295066833496094,-2.38462495803833,,eaf44f6428162a27
1519919579165,-4.711789131164551,-15.04516315460205,1.5514427423477173,,eaf44f6428162a27
1519919579194,-1.7334020137786865,-14.54716968536377,-1.6855180263519287,,eaf44f6428162a27
1519919579214,1.4652514457702637,-14.61420726776123,-0.19153612852096558,,eaf44f6428162a27
1519919579234,3.801992416381836,-14.250288963317871,-2.3558945655822754,,eaf44f6428162a27
1519919579273,0.047884032130241394,-13.330915451049805,-4.616020679473877,,eaf44f6428162a27
1519919579302,0.5267243981361389,-9.519346237182617,-4.702212333679199,,eaf44f6428162a27
1519919579321,1.5131354331970215,-12.497733116149902,6.742072105407715,,eaf44f6428162a27
1519919579361,3.6966474056243896,-19.45049476623535,2.030282974243164,,eaf44f6428162a27
1519919579400,7.220912456512451,-16.41464614868164,0,,eaf44f6428162a27
1519919579419,6.885724067687988,-13.35964584350586,0.9385270476341248,,eaf44f6428162a27
1519919579439,2.0590133666992188,-10.247182846069336,-0.3256114423274994,,eaf44f6428162a27
1519919579448,0.6224924325942993,-9.155426979064941,-0.5171475410461426,,eaf44f6428162a27
1519919579497,-0.26815059781074524,-5.085284233093262,0.8140285611152649,,eaf44f6428162a27
1519919579526,0.9002198576927185,-0.1149216815829277,1.5418659448623657,,eaf44f6428162a27
1519919579546,1.9345149993896484,2.1739351749420166,1.436521053314209,,eaf44f6428162a27
1519919579575,1.4173674583435059,2.959233283996582,0.9576807022094727,,eaf44f6428162a27
1519919579614,-0.2106897532939911,-1.1779472827911377,-1.158793568611145,,eaf44f6428162a27
1519919579644,-0.3926490843296051,-9.710882186889648,-7.7763671875,,eaf44f6428162a27
1519919579653,0.9672574996948242,-13.73314094543457,-12.430695533752441,,eaf44f6428162a27
1519919579704,3.5721490383148193,-15.198391914367676,-9.605537414550781,,eaf44f6428162a27
1519919579722,-0.9481038451194763,-6.349422931671143,-7.297526836395264,,eaf44f6428162a27
1519919579742,-3.734954595565796,-5.7556610107421875,-8.552088737487793,,eaf44f6428162a27
1519919579761,3.4955344200134277,-13.273454666137695,-0.727837324142456,,eaf44f6428162a27
1519919579800,3.2082302570343018,-16.012420654296875,-2.7485435009002686,,eaf44f6428162a27
1519919579810,1.6663644313812256,-11.769895553588867,2.030282974243164,,eaf44f6428162a27
1519919579829,4.175487995147705,-3.869029998779297,1.8100165128707886,,eaf44f6428162a27
1519919579859,6.45476770401001,-8.35097599029541,0.40222588181495667,,eaf44f6428162a27
1519919579918,-3.869029998779297,-12.631808280944824,-2.499546527862549,,eaf44f6428162a27
1519919579995,3.07415509223938,-5.123591423034668,-0.7852981686592102,,eaf44f6428162a27
1519919580104,2.3558945655822754,-9.011775016784668,-0.4884171485900879,,eaf44f6428162a27
1519919580181,-4.2329487800598145,-14.709975242614746,0.9193734526634216,,eaf44f6428162a27
1519919580259,2.279279947280884,-12.72757625579834,-4.185064792633057,,eaf44f6428162a27
1519919580308,-0.9097966551780701,-10.429142951965332,-2.2409727573394775,,eaf44f6428162a27
1519919580387,5.295974254608154,-19.402610778808594,2.0590133666992188,,eaf44f6428162a27
1519919580464,-0.23942017555236816,-10.285490036010742,-1.0055646896362305,,eaf44f6428162a27
1519919580591,1.0247182846069336,1.1875240802764893,0.4596867263317108,,eaf44f6428162a27
1519919580679,8.446743965148926,-26.096797943115234,-18.904617309570312,,eaf44f6428162a27
1519919580768,-1.1683704853057861,-15.782577514648438,-2.940079689025879,,eaf44f6428162a27
1519919580825,9.155426979064941,-2.6431987285614014,5.918466567993164,,eaf44f6428162a27
1519919580875,0.871489405632019,-11.233593940734863,6.971915245056152,,eaf44f6428162a27
1519919580953,-0.4596867263317108,-6.856993675231934,-1.3024457693099976,,eaf44f6428162a27
1519919581060,0.019153613597154617,-7.824251174926758,1.656787633895874,,eaf44f6428162a27
1519919581119,3.380612850189209,-7.33583402633667,-3.9647979736328125,,eaf44f6428162a27
1519919581177,-4.089296340942383,-13.73314094543457,0.6991068720817566,,eaf44f6428162a27
1519919581236,1.6184803247451782,-15.073893547058105,-1.5418659448623657,,eaf44f6428162a27
1519919581392,6.301538944244385,-17.784130096435547,0.17238251864910126,,eaf44f6428162a27
1519919581539,1.2066776752471924,2.298433542251587,1.072602391242981,,eaf44f6428162a27
1519919581646,1.3120225667953491,-16.270994186401367,-14.652514457702637,,eaf44f6428162a27
1519919581734,-3.4093432426452637,-3.8594532012939453,-6.320692539215088,,eaf44f6428162a27
1519919581813,1.1300631761550903,-9.988609313964844,6.3973069190979,,eaf44f6428162a27
1519919581988,1.5705963373184204,-5.985504150390625,-1.0247182846069336,,eaf44f6428162a27
1519919582113,1.2449848651885986,-7.000645637512207,-3.840299606323242,,eaf44f6428162a27
1519919582212,0.2585737705230713,-13.704410552978516,-2.030282974243164,,eaf44f6428162a27
1519919582380,7.268796443939209,-15.887922286987305,1.3120225667953491,,eaf44f6428162a27
1519919582457,0.2106897532939911,-9.77791976928711,-0.17238251864910126,,eaf44f6428162a27
1519919582574,0.20111294090747833,1.4844050407409668,0.8906430602073669,,eaf44f6428162a27
1519919582671,7.268796443939209,-26.44156265258789,-18.684350967407227,,eaf44f6428162a27
1519919582720,-0.26815059781074524,-16.979679107666016,-1.7621324062347412,,eaf44f6428162a27
1519919582812,7.240066051483154,-4.999093055725098,-8.944737434387207,,eaf44f6428162a27
1519919583062,5.870582580566406,-7.738059997558594,-3.2848446369171143,,eaf44f6428162a27
1519919583199,1.4748282432556152,-12.306197166442871,-3.294421434402466,,eaf44f6428162a27
1519919583345,7.5848307609558105,-19.220651626586914,1.4652514457702637,,eaf44f6428162a27
1519919583502,1.50355863571167,2.75812029838562,1.158793568611145,,eaf44f6428162a27
1519919583688,-0.20111294090747833,-5.1331682205200195,-4.797980308532715,,eaf44f6428162a27
1519919583745,8.877699851989746,-21.030668258666992,1.015141487121582,,eaf44f6428162a27
1519919583843,-1.9728221893310547,-13.809755325317383,5.774814605712891,,eaf44f6428162a27
1519919583971,1.723825216293335,-7.105990409851074,-1.0247182846069336,,eaf44f6428162a27
1519919584068,4.51067590713501,-8.283937454223633,-1.4748282432556152,,eaf44f6428162a27
1519919584185,-1.015141487121582,-13.139378547668457,-1.1875240802764893,,eaf44f6428162a27
1519919584274,-2.0590133666992188,-11.310209274291992,-1.5610195398330688,,eaf44f6428162a27
1519919584380,8.47547435760498,-16.031574249267578,0,,eaf44f6428162a27
1519919584439,-1.0055646896362305,-8.676587104797363,2.5091233253479004,,eaf44f6428162a27
1519919584517,1.656787633895874,2.8155810832977295,1.0438719987869263,,eaf44f6428162a27
1519919584556,-0.5363011956214905,1.647210717201233,0.9193734526634216,,eaf44f6428162a27
1519919584605,-0.5554547905921936,-5.238513469696045,-4.1180267333984375,,eaf44f6428162a27
1519919584674,5.602431774139404,-13.560758590698242,-12.928689002990723,,eaf44f6428162a27
1519919584772,3.9264907836914062,-11.942277908325195,4.309563159942627,,eaf44f6428162a27
1519919584869,-2.6623523235321045,-16.29014778137207,-1.50355863571167,,eaf44f6428162a27
1519919584920,0.6799532771110535,-7.1921820640563965,-2.049436569213867,,eaf44f6428162a27
1519919584985,-0.12449848651885986,-7.173028469085693,-0.15322890877723694,,eaf44f6428162a27
1519919585064,3.3518824577331543,-8.101978302001953,-5.343858242034912,,eaf44f6428162a27
1519919585200,1.7908629179000854,-13.417106628417969,-2.8634653091430664,,eaf44f6428162a27
1519919585328,5.104437828063965,-19.287689208984375,2.691082715988159,,eaf44f6428162a27
1519919585455,0.7182605266571045,-4.692635536193848,1.7621324062347412,,eaf44f6428162a27
1519919585581,0.13407529890537262,-2.1356279850006104,-1.3024457693099976,,eaf44f6428162a27
1519919585640,7.613561630249023,-26.508602142333984,-18.83757972717285,,eaf44f6428162a27
1519919585738,4.290409564971924,-17.68836212158203,3.6583402156829834,,eaf44f6428162a27
1519919585787,9.069235801696777,-4.606443881988525,-1.599326729774475,,eaf44f6428162a27
1519919585845,-4.616020679473877,-11.923124313354492,3.600879430770874,,eaf44f6428162a27
1519919585953,4.01268196105957,-5.39174222946167,-2.4133553504943848,,eaf44f6428162a27
1519919586070,4.137180328369141,-8.676587104797363,-5.238513469696045,,eaf44f6428162a27
1519919586128,-4.759673118591309,-14.125789642333984,1.0438719987869263,,eaf44f6428162a27
1519919586187,2.1547815799713135,-12.890381813049316,-1.1300631761550903,,eaf44f6428162a27
1519919586228,1.37906014919281,-13.66610336303711,-5.592854976654053,,eaf44f6428162a27
1519919586295,2.911349296569824,-18.59815788269043,3.2848446369171143,,eaf44f6428162a27
1519919586384,3.9456443786621094,-12.334927558898926,-0.35434186458587646,,eaf44f6428162a27
1519919586450,1.4077905416488647,-5.410895824432373,2.9017724990844727,,eaf44f6428162a27
1519919586568,0.2968810200691223,-1.9823989868164062,0.038307227194309235,,eaf44f6428162a27
1519919586655,4.548983097076416,-13.560758590698242,-15.006855964660645,,eaf44f6428162a27
1519919586694,-2.5761611461639404,-6.789956092834473,-5.7556610107421875,,eaf44f6428162a27
1519919586724,4.357447147369385,-17.209522247314453,1.3407529592514038,,eaf44f6428162a27
1519919586792,8.89685344696045,-3.246537446975708,-4.960785865783691,,eaf44f6428162a27
1519919586841,-2.1068975925445557,-14.16409683227539,4.031835556030273,,eaf44f6428162a27
1519919586924,0.12449848651885986,-6.1770405769348145,-2.0015525817871094,,eaf44f6428162a27
1519919587007,-0.6033388376235962,-8.686163902282715,2.0398597717285156,,eaf44f6428162a27
1519919587164,0.40222588181495667,-13.42668342590332,-1.3407529592514038,,eaf44f6428162a27
1519919587253,0.507570743560791,-11.176133155822754,1.4748282432556152,,eaf44f6428162a27
1519919587391,0.8906430602073669,-8.916007041931152,0.20111294090747833,,eaf44f6428162a27
1519919587525,0.6033388376235962,-0.8331822156906128,1.3311761617660522,,eaf44f6428162a27
1519919587583,0.07661445438861847,-3.361459255218506,-0.9576807022094727,,eaf44f6428162a27
1519919587662,2.5091233253479004,-7.824251174926758,-13.187262535095215,,eaf44f6428162a27
1519919587768,2.365471363067627,-12.564770698547363,2.3558945655822754,,eaf44f6428162a27
1519919587827,4.4723687171936035,-9.299078941345215,4.089296340942383,,eaf44f6428162a27
1519919587887,-1.7717092037200928,-12.842497825622559,0.5937620401382446,,eaf44f6428162a27
1519919587984,0.727837324142456,-6.033388137817383,-1.0342950820922852,,eaf44f6428162a27
1519919588121,-2.126051187515259,-14.54716968536377,-0.028730420395731926,,eaf44f6428162a27
1519919588227,-0.17238251864910126,-14.805743217468262,-3.8594532012939453,,eaf44f6428162a27
1519919588325,1.867477297782898,-16.912641525268555,2.4899697303771973,,eaf44f6428162a27
1519919588405,3.2178070545196533,-8.89685344696045,-0.7565677165985107,,eaf44f6428162a27
1519919588484,0.7469909191131592,-1.8195933103561401,1.436521053314209,,eaf44f6428162a27
1519919588589,-0.363918662071228,-5.200206279754639,-2.145204782485962,,eaf44f6428162a27
1519919588667,-2.873042106628418,-2.5665841102600098,-9.385271072387695,,eaf44f6428162a27
1519919588726,5.152322292327881,-15.255853652954102,4.165910720825195,,eaf44f6428162a27
1519919588784,9.02135181427002,-5.899312973022461,-3.9456443786621094,,eaf44f6428162a27
1519919588863,-2.346317768096924,-11.961431503295898,-1.4077905416488647,,eaf44f6428162a27
1519919588950,1.015141487121582,-5.20978307723999,-2.3080103397369385,,eaf44f6428162a27
1519919589068,-0.12449848651885986,-9.586383819580078,-3.141192674636841,,eaf44f6428162a27
1519919589234,-3.801992416381836,-13.742717742919922,-7.163451671600342,,eaf44f6428162a27
1519919589282,-0.9289502501487732,-13.311761856079102,7.967903137207031,,eaf44f6428162a27
1519919589370,1.9728221893310547,-14.4226713180542,0.6607996821403503,,eaf44f6428162a27
1519919589459,0.9672574996948242,-4.702212333679199,1.9345149993896484,,eaf44f6428162a27
1519919589673,-7.144298076629639,-11.35809326171875,-6.4834980964660645,,eaf44f6428162a27
1519919589722,-1.235408067703247,-16.70195198059082,7.354987621307373,,eaf44f6428162a27
1519919589753,-3.141192674636841,-13.991714477539062,0.9385270476341248,,eaf44f6428162a27
1519919589889,-4.520252704620361,-12.516886711120605,-0.019153613597154617,,eaf44f6428162a27
1519919589995,-9.030928611755371,-7.287950038909912,-3.6391866207122803,,eaf44f6428162a27
1519919590054,-9.318233489990234,-6.4164605140686035,4.76924991607666,,eaf44f6428162a27
1519919590132,-2.049436569213867,-4.060565948486328,8.446743965148926,,eaf44f6428162a27
1519919590195,2.6240451335906982,-2.978386878967285,15.543157577514648,,eaf44f6428162a27
1519919590312,4.558559894561768,-3.3231520652770996,9.040505409240723,,eaf44f6428162a27
1519919590425,1.800439715385437,0.8140285611152649,6.100425720214844,,eaf44f6428162a27
1519919590474,1.6855180263519287,1.4652514457702637,6.042964935302734,,eaf44f6428162a27
1519919590522,2.2601263523101807,1.0438719987869263,4.7405195236206055,,eaf44f6428162a27
1519919590581,1.0534487962722778,3.2369606494903564,8.245630264282227,,eaf44f6428162a27
1519919590630,1.9632453918457031,4.5394062995910645,5.114014625549316,,eaf44f6428162a27
1519919590806,3.160346269607544,4.367023944854736,5.39174222946167,,eaf44f6428162a27
1519919590825,5.7556610107421875,5.2672438621521,6.042964935302734,,eaf44f6428162a27
1519919590889,3.466804027557373,6.818686485290527,9.136273384094238,,eaf44f6428162a27
1519919590923,4.261679172515869,4.548983097076416,7.671022415161133,,eaf44f6428162a27
1519919590971,0.9097966551780701,4.434061527252197,5.985504150390625,,eaf44f6428162a27
1519919591031,0.13407529890537262,7.862558364868164,2.4229321479797363,,eaf44f6428162a27
1519919591059,3.869029998779297,3.1028854846954346,2.7964274883270264,,eaf44f6428162a27
1519919591089,3.514688014984131,3.907337188720703,5.295974254608154,,eaf44f6428162a27
1519919591118,2.212242364883423,4.280832767486572,6.426037311553955,,eaf44f6428162a27
1519919591137,0.6799532771110535,3.581725835800171,6.617573261260986,,eaf44f6428162a27
1519919591169,0.689530074596405,2.097320795059204,8.944737434387207,,eaf44f6428162a27
1519919591201,3.514688014984131,0.9481038451194763,12.401965141296387,,eaf44f6428162a27
1519919591226,1.1013327836990356,0.2968810200691223,15.85919189453125,,eaf44f6428162a27
1519919591255,4.63517427444458,1.235408067703247,14.451401710510254,,eaf44f6428162a27
1519919591294,5.104437828063965,2.8443117141723633,7.929595947265625,,eaf44f6428162a27
1519919591324,5.57370138168335,3.7445313930511475,10.60152530670166,,eaf44f6428162a27
1519919591343,3.5051112174987793,3.8594532012939453,14.09705924987793,,eaf44f6428162a27
1519919591362,1.6759412288665771,3.246537446975708,12.708422660827637,,eaf44f6428162a27
1519919591401,1.5418659448623657,2.9017724990844727,11.176133155822754,,eaf44f6428162a27
1519919591441,4.960785865783691,3.840299606323242,5.870582580566406,,eaf44f6428162a27
1519919591470,2.1739351749420166,3.2178070545196533,3.754108190536499,,eaf44f6428162a27
1519919591509,1.1300631761550903,2.9496564865112305,3.706224203109741,,eaf44f6428162a27
1519919591545,1.1971008777618408,2.82515811920166,5.880159378051758,,eaf44f6428162a27
1519919591567,1.359906554222107,4.338293552398682,6.655880928039551,,eaf44f6428162a27
1519919591610,0.7469909191131592,5.918466567993164,6.7708024978637695,,eaf44f6428162a27
1519919591646,2.6623523235321045,5.95677375793457,6.301538944244385,,eaf44f6428162a27
1519919591714,0.8331822156906128,8.341399192810059,11.501745223999023,,eaf44f6428162a27
1519919591754,4.098873138427734,7.661445617675781,9.59596061706543,,eaf44f6428162a27
1519919591812,0.7374141216278076,4.252102375030518,15.093047142028809,,eaf44f6428162a27
1519919591843,3.07415509223938,4.299986362457275,9.126696586608887,,eaf44f6428162a27
1519919591941,0.22026655077934265,3.8498764038085938,8.762778282165527,,eaf44f6428162a27
1519919592016,0.871489405632019,3.4189200401306152,3.8786067962646484,,eaf44f6428162a27
1519919592046,0.9959878921508789,3.667917013168335,5.1331682205200195,,eaf44f6428162a27
1519919592066,2.0015525817871094,4.2329487800598145,4.932055473327637,,eaf44f6428162a27
1519919592106,2.6240451335906982,5.468356609344482,7.048529624938965,,eaf44f6428162a27
1519919592134,2.403778553009033,6.349422931671143,9.490615844726562,,eaf44f6428162a27
1519919592173,2.250549554824829,5.57370138168335,9.097966194152832,,eaf44f6428162a27
1519919592212,1.7621324062347412,7.747636795043945,10.400412559509277,,eaf44f6428162a27
1519919592263,3.600879430770874,4.807557106018066,15.504850387573242,,eaf44f6428162a27
1519919592300,0.8331822156906128,3.9456443786621094,12.813767433166504,,eaf44f6428162a27
1519919592340,2.078166961669922,3.8115692138671875,7.393294811248779,,eaf44f6428162a27
1519919592368,1.5322890281677246,3.9169139862060547,8.667010307312012,,eaf44f6428162a27
1519919592407,-0.13407529890537262,4.299986362457275,10.448296546936035,,eaf44f6428162a27
1519919592456,1.9728221893310547,3.1507694721221924,4.941632270812988,,eaf44f6428162a27
1519919592554,1.3311761617660522,4.299986362457275,4.338293552398682,,eaf44f6428162a27
1519919592583,1.6855180263519287,4.711789131164551,5.822698593139648,,eaf44f6428162a27
1519919592622,0.7565677165985107,6.042964935302734,5.717353820800781,,eaf44f6428162a27
1519919592672,4.367023944854736,6.234501361846924,8.810662269592285,,eaf44f6428162a27
1519919592700,2.1739351749420166,7.728483200073242,12.430695533752441,,eaf44f6428162a27
1519919592729,3.313575267791748,8.216899871826172,10.563218116760254,,eaf44f6428162a27
1519919592818,2.7676970958709717,4.261679172515869,9.77791976928711,,eaf44f6428162a27
1519919592847,4.558559894561768,2.8155810832977295,2.7964274883270264,,eaf44f6428162a27
1519919592895,4.529829502105713,4.127603530883789,6.301538944244385,,eaf44f6428162a27
1519919592925,1.800439715385437,4.577713489532471,13.503297805786133,,eaf44f6428162a27
1519919592994,2.183511972427368,3.3039982318878174,2.853888511657715,,eaf44f6428162a27
1519919593032,0.8906430602073669,3.552995204925537,4.185064792633057,,eaf44f6428162a27
1519919593081,2.671929121017456,4.6734819412231445,2.470816135406494,,eaf44f6428162a27
1519919593110,2.7102363109588623,5.995080947875977,9.461885452270508,,eaf44f6428162a27
1519919593130,2.164358377456665,6.847416877746582,9.289502143859863,,eaf44f6428162a27
1519919593159,2.63362193107605,6.4164605140686035,9.979032516479492,,eaf44f6428162a27
1519919593220,2.1068975925445557,7.6997528076171875,9.2033109664917,,eaf44f6428162a27
1519919593287,3.3901896476745605,3.667917013168335,14.4226713180542,,eaf44f6428162a27
1519919593393,0.9385270476341248,3.5051112174987793,10.620678901672363,,eaf44f6428162a27
1519919593442,-0.5171475410461426,4.1180267333984375,8.20732307434082,,eaf44f6428162a27
1519919593502,2.365471363067627,3.3901896476745605,3.840299606323242,,eaf44f6428162a27
1519919593530,0.6991068720817566,3.2752678394317627,5.094861030578613,,eaf44f6428162a27
1519919593559,0.6320692300796509,3.5625722408294678,5.832275390625,,eaf44f6428162a27
1519919593599,1.1779472827911377,4.213795185089111,4.4723687171936035,,eaf44f6428162a27
1519919593619,1.1683704853057861,4.616020679473877,4.357447147369385,,eaf44f6428162a27
1519919593638,0.9481038451194763,4.999093055725098,6.110002517700195,,eaf44f6428162a27
1519919593677,1.4269442558288574,6.129156112670898,7.718906402587891,,eaf44f6428162a27
1519919593706,-0.2777273952960968,7.891288757324219,11.683704376220703,,eaf44f6428162a27
1519919593747,1.6184803247451782,8.561665534973145,15.140931129455566,,eaf44f6428162a27
1519919593785,3.4763808250427246,5.190629482269287,15.30373764038086,,eaf44f6428162a27
1519919593833,4.414907932281494,3.179499864578247,9.519346237182617,,eaf44f6428162a27
1519919593862,3.8786067962646484,2.3942017555236816,4.367023944854736,,eaf44f6428162a27
1519919593941,0.8236053586006165,3.6104562282562256,11.128249168395996,,eaf44f6428162a27
1519919594048,1.5322890281677246,3.2369606494903564,3.44765043258667,,eaf44f6428162a27
1519919594126,2.3080103397369385,5.056553840637207,7.680599212646484,,eaf44f6428162a27
1519919594177,2.7006595134735107,5.793968200683594,9.979032516479492,,eaf44f6428162a27
1519919594224,2.63362193107605,6.675034523010254,11.118672370910645,,eaf44f6428162a27
1519919594293,2.3080103397369385,3.1699230670928955,18.16720199584961,,eaf44f6428162a27
1519919594353,0.7661445140838623,3.773261785507202,8.034940719604492,,eaf44f6428162a27
1519919594400,-1.0342950820922852,3.112462282180786,11.587936401367188,,eaf44f6428162a27
